Time,Message,Foo,Context
0.1,Hello world 1,38,a
0.2,Hello world 2,37,b
0.3,Hello world 3,36,c
0.4,Hello world 4,35,d
0.5,Hello world 5,34,a
0.6,Hello world 6,33,b
0.7,Hello world 7,32,c
0.8,Hello world 8,31,d
0.9,Hello world 9,30,a
1.0,Hello world 10,29,b
1.1,Hello world 11,28,c
1.2,Hello world 12,27,d
1.3,Hello world 13,26,a
1.4,Hello world 14,25,b
1.5,Hello world 15,24,c
1.6,Hello world 16,23,d
1.7,Hello world 17,22,a
1.8,Hello world 18,21,b
1.9,Hello world 19,20,c
2.0,Hello world 20,19,d
2.1,Hello world 21,18,a
2.2,Hello world 22,17,b
2.3,Hello world 23,16,c
2.4,Hello world 24,15,d
2.5,Hello world 25,14,a
2.6,Hello world 26,13,b
2.7,Hello world 27,12,c
2.8,Hello world 28,11,d
2.9,Hello world 29,10,a
3.0,Hello world 30,9,b
3.1,Hello world 31,8,c
3.2,Hello world 32,7,d
3.3,Hello world 33,6,a
3.4,Hello world 34,5,b
3.5,Hello world 35,4,c
3.6,Hello world 36,3,d
3.7,Hello world 37,2,a
3.8,Hello world 38,1,b
